,past,present,future,swear,affect,posemo,negemo,anx,anger,sad,discrep
human-computer interaction,0.1044763883024604,0.06907338259753432,0.013627073761190819,0.01179857119398382,0.06889052515661381,0.06528434206999681,0.01581926502275794,0.005226843055212718,0.013402323773517348,0.0029168670745808012,0.06479807586795383
open platform,0.025648784370985396,0.13760382982408767,0.019203473224587014,0.00890939340612391,0.06843349205438123,0.051658512775852504,0.02552492154303697,0.005797456455141911,0.025469264515979306,0.006275598936046533,0.025265343762228373
open-source software,0.027009992862806843,0.08763193927167502,0.013229660002607255,0.0029331237932879923,0.059512329172742635,0.048286622774491285,0.018546408103969823,0.0032630825292149722,0.008498238585930976,0.0035371756335104867,0.024403890637780198
temporary work,0.023309960737469472,0.08126019746405648,0.010679573241191658,0.005201956422343362,0.04629729113578738,0.03083559274185698,0.016434243651569026,0.0024995911515884924,0.009245111781787125,0.0026579501501198346,0.020701051655829635
digital identity,0.016820157920755335,0.09935584127975364,0.012082016241115571,0.003806193164902177,0.06879859578151148,0.055561486252706946,0.017415355121799196,0.005031913418940183,0.010695910310629886,0.0031352926236431792,0.022286232103895093
smart city,0.023939600569250315,0.07826574272876151,0.013547938234966155,0.0037990574250520988,0.05296991683729785,0.03793313352600301,0.016155045877411258,0.0027269275157036383,0.007154382992835985,0.0033409936551058814,0.02043342394236325
robot tax,0.020387341038643446,0.08132883223266969,0.017991572597409276,0.004465034079116516,0.060596160986583665,0.04930982368702407,0.02215093699384101,0.0032528920543440426,0.00926365938091106,0.006364486482649844,0.02254662796224136
blockchain,0.01855567763049457,0.08682087486984714,0.012941055121992298,0.001925931913703486,0.052956956776997625,0.04014237194985416,0.013308315712423899,0.0017678419675270652,0.004768210377197206,0.0023217139486087965,0.018047503117526693
sustainability,0.020930370600943573,0.0801686205952387,0.010354465472689985,0.0024643453358446084,0.05045283789029968,0.03329859207165375,0.017199819911365145,0.001900671564679541,0.006731537823925406,0.00342863500250682,0.01960419326324189
user interface,0.026259503571311512,0.08334348168176851,0.00978690742506753,0.003939910656543484,0.05271904611779124,0.03657979504391907,0.01723145891284945,0.0015850051728676128,0.007438602942659623,0.0023942231630252656,0.01979427596481117
smart grid,0.03145945188767235,0.08495453994386791,0.013911662105517877,0.004792410085457374,0.057509274414349346,0.051489573071516685,0.011728950002386064,0.003630964447208437,0.008049834296308346,0.0033963682736026474,0.025515874607416538
virtual currency,0.02074635208392505,0.08651968773238011,0.013105263026574955,0.003769205407990374,0.05272697016700574,0.037732960105831985,0.01705951591413261,0.002431139240913928,0.007432646675856285,0.0033300132511434105,0.019135490640327508
semantic analysis,0.03390827345213784,0.10744226222012355,0.00934625519053243,0.006144393241167436,0.058591953636051984,0.04433201572939062,0.02516018326990683,0.0031238233092450046,0.011974939815520242,0.00543074820130846,0.022323159971556667
project maven,0.2629313160695779,0.07379658156095689,0.013119234052905007,0.008496768234348915,0.052119873075270225,0.02627424805120058,0.029851501468277437,0.011094317336875114,0.021560196062587158,0.0032208276272626523,0.03957750417709901
3gpp,0.01415553917496719,0.1016071338831683,0.025915602083570043,,0.22220807677330442,0.23886306909538618,0.013832780371453758,0.0023752969121140144,0.0025922552276638794,0.016039567651856452,0.0187406069351312
secure by design,0.019230769230769232,0.12406846027535684,0.019230769230769232,,0.07692307692307693,0.05769230769230771,0.019230769230769232,,0.019230769230769232,,0.07692307692307693
empowerment,0.026608126010740515,0.08115086475306325,0.008599504788953556,0.005848412159239528,0.06207151015381219,0.03565141802240676,0.02630152493205422,0.0028977515792839976,0.01315192752482245,0.003484361637800156,0.017869812380182763
level playing field,0.02453961888617115,0.08013661479072348,0.013579745771831565,0.00488177702323341,0.058371165088239724,0.03684163381295794,0.023365750783292377,0.0023994965139721575,0.010708564211116739,0.0043500113490644275,0.020861945610242075
algorithmic discrimination,0.015873015873015872,0.07936507936507936,0.005291005291005291,0.005291005291005291,0.031746031746031744,0.01058201058201058,0.021164021164021163,0.005291005291005291,0.015873015873015872,,0.005291005291005291
factcheck,0.026605864717580485,0.07858645091364196,0.009399486923120098,0.004820205127833461,0.055099905852812076,0.028928178864203954,0.026503193070767275,0.0033681438708979662,0.013282976736611619,0.003725658783977752,0.017946079234319366
object recognition,0.029236316336646407,0.08071067990816495,0.010549588963085804,0.004445046137061333,0.05274892381330776,0.0443167082501367,0.013658183588655382,0.0026473426681638463,0.008134109745865432,0.003443513478470451,0.027109451174572367
artificial intelligence,0.020186672969497933,0.08322732529575604,0.014281750372531026,0.002527560114294037,0.05337645312188775,0.03379789224498961,0.01931635149757525,0.002962789244860908,0.008196704297119562,0.002517970916548459,0.021006167136702482
backward compatibility,0.034793599977364774,0.07251741612431975,0.009430793939258048,0.0037081539977213596,0.061115404809290695,0.04480567507903511,0.016464702901308373,0.0015423260929462123,0.007773500932978366,0.002622275753356675,0.01937851576084767
hyperledger,0.01795329629670019,0.09627054348405994,0.014280467439261512,0.0028879841995321657,0.051439741173594025,0.0436681143008606,0.010282875371383378,0.0036295567983523833,0.004747369367981399,0.0033944721938692496,0.01652078540823564
twitter,0.02896103419181225,0.07947183232702504,0.009550362450396777,0.00620478769630006,0.06089233609887985,0.03333172903812226,0.027207961236412278,0.002645701651831104,0.01422056688358751,0.003443231214451831,0.01814853209910876
internet,0.028859381592367433,0.07589825340212557,0.009115071640749702,0.004940684493392551,0.05191331304625539,0.029897780997744105,0.021737918014008203,0.002360161387201918,0.010307887930823018,0.0029389874726745775,0.017722627183285048
cyber sovereignty,0.011363636363636364,0.13636363636363635,0.022727272727272728,,0.045454545454545456,0.022727272727272728,0.022727272727272728,,0.011363636363636364,,0.03409090909090909
microtargeting,0.04006166553346821,0.07620074591131759,0.009330433618273608,0.0016339869281045752,0.0469691909589679,0.03583854120807597,0.014338782303704162,0.0046275030233046835,0.0037144228142981127,0.009555468087865818,0.03002929416875582
quantum technology,0.06328842210585374,0.09464987810354647,0.043885208601350756,0.016260162601626018,0.046646892717003174,0.036001632940652506,0.031856263848792345,0.03677411432853531,0.016260162601626018,,0.051275468541121715
global basic income,0.016576257861635222,0.1715929442421692,0.031446540880503145,,0.05092437937473509,0.032417414666910914,0.06121212121212122,0.006666666666666668,0.06666666666666668,,0.033071070964063636
virtual reality,0.02636910998350836,0.07965504250521913,0.010876563656711268,0.003343362948912191,0.054162951033455635,0.03684469846819419,0.017275520074826297,0.002964938483820038,0.0068996818368323954,0.0026301462605337073,0.019886401647879644
financial technology,0.024718721368649783,0.10225467311378862,0.013978649433978405,0.0035862190657158332,0.06871553136066322,0.05761868933966109,0.01755678015360932,0.0047446062698036275,0.004647072566042475,0.006344282747389931,0.020170430209604788
personal data,0.024385259956749696,0.08244488188006165,0.010216343539933163,0.004294849206099689,0.05115279120065003,0.03019544066783716,0.019461692525383892,0.002353270755256089,0.008799618511024192,0.0025962918160399267,0.01989889862033105
secure communication,0.029867688073999418,0.0786450538731167,0.014794481614150133,0.01614904492188513,0.07602637203087369,0.05127281694333455,0.029559377872778944,0.0064525201922315464,0.018498498283980615,0.01283717005408367,0.029558264065037795
price discrimination,0.025543878545468596,0.08775493843833622,0.01710879107246006,0.003941296747285925,0.044383423701552155,0.028742595984987542,0.016976669139635685,0.007464785347570235,0.006515978979837594,0.005680297252587545,0.03303782506587415
nanotechnology,0.023090934639355503,0.07819060998739623,0.012190038087911673,0.00313057482387132,0.0505877369445015,0.032224755280445896,0.01934350490694753,0.002813066969557076,0.007978363364615642,0.00465416428685448,0.02002336692963994
smartphone,0.02487235639804477,0.07749858915228154,0.008751476267226688,0.0033418714510251245,0.049035417833288325,0.03228581304715788,0.016442283434597554,0.001906802152544424,0.006576793497535291,0.0027663982493454924,0.01814993969433049
robot ethics,0.0442829260520603,0.06962720119569334,0.013912231559290384,0.0022222222222222227,0.0694996971721439,0.05154185270301967,0.0297763804643832,0.018836608900506664,0.006682946682946683,0.007356797791580399,0.03775034185106129
right to internet access,0.031405521529363954,0.06989744319033858,0.014662337124781502,,0.08079683599418304,0.05596376330270426,0.037160257833334764,0.00591715976331361,0.02500666219738137,0.007949439733284065,0.03188116553339298
usability,0.02247026601931733,0.08225521928984415,0.011821627173056534,0.002219616100426221,0.048325260104813396,0.03178380038653856,0.01648325776470711,0.002171978599744817,0.005847463279454643,0.0035602860040653997,0.021005856087898008
circular economy,0.026079719731176575,0.13272163171544832,0.01743740491688999,0.018569160168334587,0.13527720631991572,0.14233530058696942,0.019611279199531727,0.006802721088435374,0.01758167000941636,0.02085983132545907,0.042634249849350506
conspiracy theories,0.0323755765604823,0.07751038811348755,0.00792357207261901,0.004620722174140508,0.05484323964160038,0.028168807005286085,0.026450555479180893,0.0034857297063788546,0.013537470716668247,0.003559900863976358,0.01553627917503806
gsm,0.029333963941759682,0.05915458650757374,0.007112062600687164,0.0038969204897486794,0.05003943423518283,0.03223986162146923,0.017711770390111965,0.002339066616261462,0.008380000922892778,0.0025497823973858183,0.014404372975081941
machine translation,0.026383252060153888,0.09326497519451141,0.019116954584376605,0.003320338831142409,0.04877861978600768,0.03594158487901301,0.016334506610937407,0.0044239724412961905,0.005715158251258734,0.004257704919984628,0.028712542382626004
copyright,0.026210252974130436,0.08262111434307053,0.010696887891297819,0.004515787019856275,0.05039020468085112,0.02954419543629121,0.02060264370559993,0.002292996345096125,0.010087862166419754,0.0026344579843659327,0.020541050074311513
cybercrime,0.028995174965917428,0.0759205486571641,0.009887290532368403,0.00675394006406006,0.05143268736228255,0.030445676080892388,0.022198107302621464,0.003894977785400591,0.01114002265615445,0.00338122723363237,0.018512162889749675
youtube kid,0.23166365269701072,0.06786042236695755,0.04264881386223332,0.07744074614832479,0.1798760027789254,0.036005172877696924,0.1966653205591498,,0.037593005044942396,0.021744109587376142,0.03574859261120872
net neutrality,0.022985477109254655,0.08387494335649912,0.011004054380712322,0.005780078880545296,0.054019402398361276,0.029738151156799716,0.02395199637116337,0.002038089256407049,0.012755776105219573,0.0029424401579127932,0.019611397709018322
innovation hub,0.035093366133059745,0.11390394669984068,0.02353996579116553,0.01788482595568102,0.05419494121531772,0.04547650080643377,0.01630238631160975,0.0023856971658151463,0.012240054725367856,0.004995582777292791,0.027580985224435806
dark web,0.030242685642498046,0.07831199877457343,0.00865954508691454,0.005742595368773453,0.05468716250222715,0.029412716828829042,0.02511081565166372,0.003686350681412715,0.012572994541916169,0.0022133007603247386,0.01842649844209474
freedom of speech,0.022649817726988417,0.08455309392316132,0.010245801588901022,0.005206278126090125,0.06479372940534334,0.03259559767494163,0.031857575485191844,0.0028389941318411297,0.0191821537471299,0.0027170432319387093,0.019199170058914188
deep learning,0.019065310773130482,0.08329308298290011,0.011781838680548575,0.0017304078121787914,0.05086877168243397,0.035779497787583554,0.015135290086388344,0.0016046254356490894,0.005667463230046569,0.0030383682899376148,0.020592365238027956
e-administration,0.04750847046545301,0.049084061153798667,,,0.01486555038700525,0.011885146163268592,0.003374687483709408,0.0019029495718363464,0.0009514747859181732,0.0027855153203342623,0.05000000000000001
open spectrum,0.03260869565217391,0.08695652173913042,,,0.05434782608695652,0.05434782608695652,,,,,0.03260869565217391
data center,0.02312391084097628,0.07843848117353781,0.010958364671085987,0.002875116311510097,0.04649492132776963,0.02989808276611312,0.016494799568621422,0.002138489018771895,0.006234139544334065,0.003054740957400498,0.01960086676077778
network transparency,0.021766169154228857,0.07524875621890548,0.0049751243781094535,0.0012437810945273634,0.038557213930348264,0.02238805970149254,0.01554726368159204,,0.00373134328358209,0.0024875621890547268,0.018656716417910446
misinformation,0.028184369842044806,0.07982789270471831,0.00923652180196345,0.003985331047200179,0.055022270462169225,0.029420275951714484,0.025311772838822456,0.0029370764263781444,0.011946304439429331,0.003329329666531612,0.017626115309326503
censorship,0.02609361134091108,0.08132213585590138,0.009280761205739636,0.0058471794349012835,0.057320719618244684,0.02929290756423692,0.027675601344147566,0.0026709585465462004,0.015047165295020742,0.0029684606089031913,0.017641133315577578
cryptography,0.021942495623254767,0.08485753196399173,0.011571197227821347,0.0017877243502205657,0.05132113341767147,0.036235609277544885,0.015355613911086155,0.0018475758582589736,0.005529813824528913,0.002204440449727062,0.019772179066263287
open standard,0.038936653619073405,0.08856875283482359,0.016903626116145456,0.0032199440904420403,0.052824423703566784,0.04079492140152854,0.020988343993047914,0.0031721183595266114,0.008999596766404985,0.004052311931462051,0.030627817904289246
speech recognition,0.024940123886786167,0.08781660667271525,0.012050037395061207,0.0032881592275172695,0.0445956854446274,0.034226118342683055,0.012119215612779172,0.002191258383906115,0.004407324825717431,0.002152288856528281,0.02596956824328494
real-time collaboration,0.04073963354334125,0.0710013213153185,0.009637406796787026,0.005315008005371092,0.050434060785315024,0.036399366575980065,0.014651649857629285,0.011158911545831731,0.005315008005371092,0.0055016902882274454,0.03386076318902019
soft robotics,0.032760633669175004,0.09920804261238979,0.018839070991405485,0.014216319847057584,0.05172398287595339,0.04318890969974765,0.01609580412607088,0.013428193010894854,0.014495675031316806,0.015384615384615384,0.033986751064434745
user-centered design,0.05043459365493264,0.11136269644334161,,,0.08333333333333333,0.08333333333333333,,,,,0.05043459365493264
fake account,0.02948349815039993,0.08270353069744597,0.00877234744491546,0.006125249525055289,0.059764480356663506,0.03106876626791689,0.028418194420060564,0.0029589950750227925,0.012688239181227927,0.003262943430425884,0.017330610557597968
electronic voting,0.029969681167987414,0.08269179412134832,0.014079695812213513,0.003865232931280267,0.04613926275521321,0.030082518230320224,0.0192373723060246,0.0033488037639008953,0.008389293592482637,0.005413815073077717,0.02788376524388845
digital signature,0.024343671880228564,0.08821506578294226,0.011880075057700891,0.0031115985336035933,0.04519297809176511,0.02946006281061918,0.016512001025201416,0.00266177237692694,0.009021020957876665,0.0024634270055291403,0.022498126110413214
gdpr,0.018231331690508237,0.0820610533195859,0.015233533247592386,0.0023031787273213446,0.041675202357355196,0.027546304056725916,0.013504075702102332,0.0019272628348372448,0.005557168395677622,0.0028402781022548547,0.02346348196522109
vehicle-to-vehicle,0.04524385070715436,0.07703560756419851,0.01456768734699782,0.010094277943892461,0.058348057540412245,0.03781583952771204,0.028640067034508245,0.009548509125637412,0.010993507101876545,0.016292176583175246,0.042806580057042125
targeted advertising,0.030327312192585335,0.08579725232985179,0.008418705870649692,0.011739498597777998,0.05290032511085121,0.03017376960889022,0.025409422578775567,0.004265396497768827,0.013123014937448557,0.004089784976113724,0.018586331629387616
internet access,0.024491484542857506,0.08041688265227866,0.010903080251631522,0.00395644798655876,0.04617297238079724,0.027785045429021982,0.01842094495465587,0.0018883783980734412,0.008816385128766256,0.002507638876234154,0.019980063216275955
wealth concentration,0.0204781621321505,0.10595750945245026,0.010331212686902486,0.03106548419819843,0.0637852592360508,0.051335821669935694,0.018829185354743157,0.0027300345518934096,0.013143339735790478,0.0047758065337829385,0.019120994251234105
digital health,0.029433700425572005,0.07727301147918147,0.014329642122508786,0.014384096344700623,0.051748778437167915,0.03589788288353858,0.025773631151624607,0.00296665630583131,0.016729001708284872,0.004942279535448168,0.02985022354507253
google,0.02212907607307836,0.06831917779194684,0.00770247111502948,0.00349272778705742,0.04429209945808827,0.026478113167173686,0.0179058889187349,0.002099483627804271,0.008393731471022785,0.0022754280020555137,0.015534872694799197
apple inc,0.033896515304353954,0.0778709113456033,0.010077976744249744,0.006711819000860539,0.0490778749942845,0.03078560515101678,0.02001190348644662,0.0029542833706200445,0.009284638659419777,0.00372361055848199,0.024512056956780156
tencent,0.023188847168115135,0.08302576364723706,0.010816290669429423,0.004114217023588174,0.057802600993599865,0.037979216414975925,0.02046093279921535,0.002433297541946369,0.010284393328688357,0.0031000575129667596,0.017626454312992066
chinese tech,0.02293366324811779,0.0813054771450837,0.01231403974896883,0.005494447023779266,0.052187795586974034,0.03376181354711546,0.020464925088154173,0.0026724932437139862,0.010511511449826478,0.00574005269624349,0.020779307079177203
gps,0.028129111101042367,0.07944688818694065,0.009648566630640716,0.003169041908814398,0.04460614530519718,0.026977653319385585,0.01750047680842556,0.0020867583287172906,0.007261637506231897,0.002597038684562557,0.018967329512225833
information privacy,0.07066591195038027,0.08134509989981772,0.0196078431372549,,0.03199047238630107,0.034570406591374066,0.013990995333956096,,0.0032679738562091504,0.017857142857142856,0.028788153809470203
economic inequality,0.02132657479399799,0.08183428258997975,0.01161086218885377,0.0041289474300927175,0.060167028453429174,0.0355147799449304,0.025045948781692067,0.002644612540552017,0.011772756150804723,0.0043644505425216055,0.02046443758274684
future proof,0.017289462569959935,0.08181008553304724,0.015778203978495144,0.0018145110327891748,0.04611433283915665,0.03351105119546196,0.01269223033522206,0.0018580527271298147,0.004415925974128406,0.0023532934454711793,0.022326105640000298
open-source hardware,0.01161829660859772,0.10119467273376766,0.019449482907269378,,0.06401389421247677,0.04673834246009393,0.0220870634164473,0.0099542844157352,0.008674305271806156,0.0012610340479192938,0.03749455265540467
personal cloud,0.022732392911866548,0.08356551043004427,0.014626355903178971,0.003523346501688834,0.04336579349074737,0.033055058292288594,0.010073985770837282,0.004035719593970094,0.004192382233116925,0.004789422224074588,0.024764317634707173
quantum network,0.07643168225597273,0.16560503522926065,0.017164732778524476,0.0026246719160104987,0.0326499977383458,0.022947465432012877,0.027642192116747268,0.014506964191076803,0.008689107608352972,0.02740731830089508,0.04024877788125269
cryptocurrency,0.020323513422649816,0.08521970546663193,0.01220860917958748,0.002974329282103323,0.05254239318822818,0.03589568387101361,0.016467325566716318,0.0022456501693980044,0.006361837885913243,0.00323476759213658,0.01858875091391017
multidisciplinary approach,0.06209039834199967,0.06274334153215576,0.006896551724137931,,0.013793103448275862,0.013793103448275862,,,,,0.047372958693905086
virtualization,0.019187757639036754,0.08489471659319386,0.011959613400060416,0.00115371683834418,0.04093789846147178,0.031478884870530875,0.009461895716939027,0.0013387169319060246,0.002655664363737598,0.001872303653087481,0.023075376355601727
regulatory technology,0.004901960784313725,0.0661764705882353,0.02696078431372549,,0.036764705882352935,0.031862745098039214,0.0024509803921568627,,,,0.03431372549019608
quantum computing,0.018714553416047407,0.08470003724818995,0.01476071410894773,0.0016260102923023121,0.045106403091030145,0.028982594431153447,0.016282026563077593,0.002712117194443478,0.005688809276134832,0.002440989477550452,0.021294802794974407
digital currency,0.018714759493389587,0.08808914224375998,0.013006761088941745,0.0027472915909772773,0.05363625004561533,0.040006212432334376,0.014311977644121624,0.0020949851745861708,0.0060455215489911025,0.003453925426763587,0.018688886344407074
artificial neural network,0.024030685582119276,0.08135395337862988,0.017992689488391778,0.002458840936491946,0.0510344110416213,0.031588553028807365,0.024173497774900535,0.004205562406267379,0.012951822264144711,0.0038827709244705464,0.019445411380946732
brain-computer interface,0.01841615254552255,0.0848620044412433,0.01647585698587437,0.004942259871330325,0.06465720015510441,0.04275079101727662,0.056447125925180926,0.02674318343507141,0.023887882571286944,0.005209840251207438,0.023445925214584617
privacy,0.02309928319619311,0.0844079460116437,0.010257044689049302,0.003825171400892239,0.050684285280486296,0.03030829691229551,0.0197435838592241,0.002759476828259714,0.008874812912845247,0.0023358415431831794,0.020359131966725293
image recognition,0.024086334854712364,0.08710186841652601,0.014806017054862827,0.007057161468170569,0.04928618269664909,0.038677184422597224,0.012667944225515787,0.002855142627238974,0.006339511032495185,0.0024824304819398013,0.02602193151579544
general data protection regulation,0.02373201587947397,0.08534258162350096,0.022073371838937452,0.0038352895655399785,0.05519919833302462,0.040925934905907554,0.025013368366085205,0.0017267099967179333,0.007581829519118675,0.027366574947076453,0.023566963373060915
cloud native,0.0308526884125963,0.09750072596550105,0.03773158251255568,0.0099009900990099,0.07078315382469648,0.06960855766470406,0.009820173941655398,0.0020491803278688526,0.008554584688338853,0.005763688760806916,0.031526139676722784
cybersecurity,0.024539615784668855,0.08094781374950957,0.010377301164264318,0.003344146541167868,0.05340775750559835,0.03413036311189756,0.01933328694213179,0.0025860714191652226,0.009007484076434015,0.0024424345599700363,0.01981786848550936
distance education,0.03382053989122676,0.07762818266735026,0.016016463768151093,0.00822577407788784,0.04725358983299702,0.03814124539542901,0.01399686079298191,0.0059022875434441655,0.003181223403411471,0.009467377852931967,0.02956400980574288
iot,0.029910209245463948,0.07800193850857037,0.009511608211472395,0.006181308136037204,0.06229795641181062,0.0346690919915167,0.02735398924910272,0.0026027939173140636,0.014316762883846071,0.003907211650622042,0.017824509824254417
decentralisation,0.020246246461130265,0.08804132921870259,0.01651491688855629,0.0025710152086107015,0.05320022036328834,0.038062907771781715,0.017305569989910636,0.0029448764772729463,0.008816552847139138,0.0035261003601011545,0.023432994574271473
open source,0.02119898615297275,0.08602204133343105,0.01057031162931368,0.002450391492097564,0.050175288517930045,0.03633043992459197,0.013603357077017169,0.0015464034334960498,0.005342686856203356,0.0020599403329966755,0.020122051636526847
robot consciousness,0.020492770009991765,0.11033976536901971,0.009391227399352655,,0.036325842362339975,0.022263148790221284,0.016862607132708204,0.002190580503833516,0.010623156029008433,0.0026881720430107533,0.015356117798920143
scalability,0.018437648584236025,0.09001115304830548,0.01353237487839061,0.0018280613564658217,0.0483907480252035,0.032993133053412296,0.01580246673762225,0.0028742083474121273,0.005468236693150024,0.0028041802641739747,0.020970455197039918
ncsc,0.23526436320426755,0.136736454608165,0.021610512280484554,0.010300431790969417,0.12400657396651071,0.1044900556332473,0.12791528245197178,0.0068661600368917445,0.148780958502873,0.007868864556990401,0.030344413674638124
social networking service,0.045238095238095244,0.09051927763667748,,,0.10896569052948969,0.11110287131927009,,,,,0.05459183673469387
social inequality,0.01952644045911604,0.07925870360015988,0.011138210580112173,0.004334176980822488,0.05952432721708928,0.03544085553671523,0.024920679689932706,0.0025808203179530026,0.011869535201190948,0.010348458849340344,0.019632969506599394
swarm intelligence,0.03708127084841939,0.08691416369106868,0.01815780252307091,0.006114547457577523,0.06916628806114522,0.05814607945857881,0.027505164606059975,0.006121227912204613,0.017829259286471676,0.005514662139970672,0.03560402739126326
cambridge analytica,0.03233342500477618,0.07917250086837724,0.008804244528807098,0.005281887111362455,0.04894347978609801,0.028038530485115464,0.021178011068669022,0.0034066864833229254,0.01115041499352295,0.0024327350701584542,0.016827179049314685
data ownership,0.032099344139262784,0.08243884396952011,0.020632319302525595,0.010204081632653059,0.07319181740417646,0.07142747555222916,0.01563013382726929,,0.009379280591767018,0.0018055923997396064,0.023798210750163133
participatory democracy,0.06116132081419908,0.09180372102667449,0.022562691789340932,0.007269646068587214,0.06304483121910104,0.0500011824039392,0.026847601470119217,0.005102079880305967,0.009996027527315175,0.010754967845232416,0.024066343269348933
peer-to-peer,0.019149956241884973,0.08499719839121583,0.013846087921701875,0.003030841986272199,0.052748040299847726,0.03832450100868996,0.015341549768822151,0.0023840763674931663,0.006444519323840643,0.0028307542602944917,0.019001644629587474
privacy by design,,0.1350829609294289,,,0.09649067407688097,0.08712128401247572,0.047619047619047616,,,,
digital economy,0.02275601237415579,0.08053022437073022,0.015218691354367814,0.005794221332845475,0.05625176903004067,0.039870634760778546,0.01897344132037294,0.002377648999941994,0.011605606354949807,0.005992700787477511,0.019980902243794566
data scandal,0.030846915912976003,0.11965654758002996,0.012843491928480687,0.037373582424049714,0.12190690253756946,0.11801945395980043,0.0306200629366584,0.002172353750674138,0.030565907487667462,0.004263269151768362,0.026881426906365403
fake news,0.027682217985155237,0.07855688826936238,0.008825226020476494,0.00584099991519551,0.06064098520635246,0.028744707009872503,0.03156367794156805,0.0028532401525610024,0.015382129908527468,0.003230584259692066,0.01638316725606007
network security,0.022906445460157115,0.08177482029693306,0.012914622214971314,0.0030355127953882914,0.04974582575874319,0.034945227523397605,0.01521421565189334,0.0030519449029364847,0.006576579571992635,0.0022020947898966493,0.023351392244254247
decentralization,0.017707421833164518,0.08936824712743621,0.013865363239666695,0.002215011992519773,0.05488446312607541,0.03771329442129118,0.01790637793837764,0.0021421977274465602,0.007381529355163197,0.0029053371814322035,0.020384005945193795
ubiquitous computing,0.10526315789473684,0.06705465587044535,,,0.06705465587044535,0.07692307692307693,0.05263157894736842,0.05263157894736842,,,
ai chip,0.02703717951684549,0.08104689549806678,0.011901379687582756,0.003199643291258971,0.05390087734042693,0.03524232538295844,0.021422041537099822,0.006005847646801082,0.006563121566764202,0.005730441344675421,0.021055712303405246
living lab,0.03268054960970256,0.07685708867314231,0.011177357486713422,0.009975719834885533,0.061153645795889715,0.054930070417758006,0.018139723407409263,0.0035236968839626975,0.010626937651155636,0.0041545288396411615,0.029793757953056485
global education,0.030042918485507046,0.09034736959748049,0.019142183549598048,0.018879692210391787,0.06044682375190276,0.04696372230027752,0.025140700068289723,0.0025472283157707545,0.015556411918031851,0.008318192181974413,0.03288401082032282
stellar,0.02459897891493843,0.07834546629270779,0.010941994567658032,0.0023401610604639597,0.05319445813206036,0.035445636520558696,0.017465000827692923,0.002007183040510314,0.0072796079233730104,0.0030982435785548183,0.01930721533817083
social objects,0.020843202273803884,0.16569204186179337,0.00556608242539081,0.0029606821411653247,0.11071981608577453,0.1150277584721226,0.019658929417337757,0.0017764092846991946,0.010540028422548557,0.0016579819990525818,0.057085900398883595
digital divide,0.024601245432695366,0.08332377849855566,0.0123588252919605,0.004728607296743496,0.05143940401953791,0.038083796144984854,0.017926111603779615,0.002781548303566382,0.00820114676965667,0.0061938095036556265,0.023213677943454705
deep web,0.031078086038761776,0.07992021207654752,0.009091417686078873,0.006470282668563138,0.053251427686819654,0.03018851111369769,0.023214507892004972,0.003718354712580132,0.011409949365389877,0.0020545351424864967,0.019922002382369196
e-procurement,0.05000000000000001,0.0916666666666667,,,,,,,,,0.05000000000000001
data aggregation,0.024331219885742127,0.09948590989867884,0.018234070165827277,,0.051255242935465836,0.04932844066606026,0.006422343744341869,0.0009680542110358179,,0.0019361084220716359,0.029350025791519248
deletefacebook,0.028991354639592428,0.0789272260025342,0.007922608440779778,0.09468602646531611,0.10532735402002025,0.03475779485541727,0.08511635504346952,0.0023301536491675636,0.08285319380704594,0.01614346358628512,0.014732708883339926
speech translation,0.030868926889286944,0.0801450620313157,0.004979685330219354,0.0021726925935281003,0.06693865363179086,0.04951805197354353,0.022283050569995713,0.002882200739665447,0.0071266868943305976,0.016985037450271072,0.03623057819142594
user experience,0.02437982383723119,0.08193393833686842,0.009777418986543482,0.002582087911123173,0.05072575716436572,0.034306461681554545,0.016494640303524585,0.0019151505100529422,0.006277003840300288,0.0025768788529071797,0.020165325608147044
5g,0.025499716409921443,0.07891495142718712,0.010352167188542144,0.0029683945514582103,0.04766905273996113,0.03157845790383137,0.015864756811253062,0.002228197191453919,0.005764504787265266,0.0028646183812217167,0.01864332435575963
ai system,0.023692810200926343,0.0790324889660546,0.013950193762222163,0.004073939546927146,0.055641951340327754,0.03649382940313564,0.020778884321144605,0.0031219224711370288,0.013635729601357973,0.003126223211779934,0.02193833202384735
knowledge commons,0.034234362970717094,0.03106301106301106,0.02,,0.03340221864376454,0.0205761316872428,0.04,0.02,,,0.01728928777089566
blockchain platform,0.017665466996989333,0.08850914279980139,0.01440940913829641,0.0031198593745247285,0.05682471142562998,0.04813302063186402,0.010958190487277312,0.0024389511357101167,0.004053458336706365,0.002419384481369371,0.01523732186390008
hci,0.028566606418554165,0.07589654633718719,0.009383816846893912,0.004575863190431245,0.057878604220232985,0.0342447359554447,0.023716390499992582,0.002661396988327122,0.012050984744060573,0.004100705845361462,0.019236005438195175
russian troll,0.028949195863750093,0.07824141299704435,0.008350651123460952,0.006674064306257933,0.05915207666650989,0.030322050545182947,0.029356293114105356,0.0029897161800116977,0.01725179104251437,0.0034462048961046285,0.0161586987729952
smart objects,0.030348748295030033,0.11464763617853135,0.013585498572599827,,0.08144590838334106,0.07615605257372524,0.046333437234093944,0.005741009019316439,,0.02022221513486792,0.0422443704373609
social media,0.028294281187313808,0.08105519600340774,0.008923262648824279,0.005163118733630499,0.06029031887982958,0.0342693706824262,0.025496636238999754,0.0031488709775097366,0.01223376571552535,0.003297523022960648,0.018419723656952335
global positioning system,0.024438956476667436,0.10713736672274339,0.12016157042410977,0.04561403508771929,0.10116518379754948,0.09455702986179482,0.02581724480726873,0.017410734254060117,0.017749677798481026,0.0066729108734928004,0.1241185401788991
open access,0.02315351852798068,0.07805019795415523,0.00959722005728981,0.00360474222805656,0.04986626731429462,0.03485271825524671,0.01673315114154333,0.00199109890499542,0.007138295539587279,0.003393796577911585,0.017830758958831842
interoperability,0.027455403677979783,0.08516607502304621,0.01598809829800718,0.005760494968564858,0.048025930092368774,0.035576240437602866,0.013255233175469167,0.0021390307737859052,0.007034658109178332,0.0026885405236934837,0.022686450124537603
killer robot,0.021181861993146728,0.07859376255488135,0.01425572756707398,0.004175864385155544,0.06782324631255322,0.032617853309911175,0.03652267364979387,0.00617810055955155,0.022563688438473943,0.0036885711571443464,0.02144565773420324
open data,0.022533404437069145,0.07976441512844955,0.011057625130135444,0.004207523915396374,0.046762196807377615,0.03410347562358684,0.015936474161719838,0.0029160450518966805,0.0078635743004509,0.0024375276505603587,0.02081144660921788
educational technology,0.0423881651857092,0.08680915496634425,0.021939165768729636,0.005050505050505051,0.07393502361309078,0.07479804563211136,0.009342661575525405,0.004291845493562232,0.004721455270335614,0.0012903225806451613,0.02523433482963177
bitcoin,0.021366107761855734,0.08709876212461398,0.01229595447473246,0.002961910945491088,0.05158133583222747,0.032774871416011826,0.018460258316828643,0.002413317549590871,0.007288215483610427,0.0035368545005515376,0.018772468726338816
artificial general intelligence,0.023467198066363253,0.08731610113639143,0.018254656225462268,0.0037851498816652107,0.04995399845829668,0.03421448904407076,0.018509260685209025,0.00639779064994301,0.007228371191434042,0.00260397995560336,0.02634763558941756
information ethics,,0.07894736842105263,0.02631578947368421,,0.13157894736842105,0.13157894736842105,,,,,0.07894736842105263
surveillance,0.029269887618526714,0.07822566760003899,0.009717234548356593,0.005327094000047145,0.053254940435239935,0.027408535357163824,0.025452997592161252,0.0035521185494902497,0.012984433866157396,0.002727151326102084,0.018307282532334074
black box,0.028304326775490045,0.07892969415843472,0.009267807547139035,0.0029267376424991385,0.04812173740878087,0.03066607315245018,0.017537863375409343,0.002038596410683401,0.006815429632944452,0.0029853725654957483,0.019144900242179273
social innovation,0.041853664672372635,0.08880066960025702,0.013454223155196107,0.010089636828852711,0.20530383966667223,0.21939491745271184,0.02302574672182028,0.011235955056179775,0.019035004598924505,0.005606541314160006,0.03283472297148626
ai assistant,0.033285688681699566,0.08692096716801859,0.014569272061534157,0.010421273813160766,0.05644654393712502,0.03936550482514151,0.021863001790464413,0.0035905459329541286,0.013263721434819681,0.0039379067026778115,0.024136974318270527
deepfake,0.025033205255527977,0.08281262143002341,0.012200160228546971,0.004390156549548294,0.05553676648794056,0.03260892805524653,0.023509201550582014,0.003007632532603621,0.008991265294095543,0.0022324260566984216,0.02260470477170893
autonomous weapon,0.026248658447882222,0.08172542312342794,0.0216156198806681,0.0051989500941010715,0.07245133403251089,0.03504178306075786,0.04087817428830367,0.00888469375287152,0.029224347737373847,0.006197448110604132,0.028560106546029137
5g standard,0.05704377690252145,0.09185318602204426,0.04183514366091576,0.021310776799962062,0.06844523392539115,0.045762049015797356,0.06201528633990731,,0.06434006901058707,0.0010080645161290322,0.022866957737148343
internet governance,0.008571428571428572,0.03142857142857143,0.0028571428571428567,,0.06857142857142857,0.06,0.008571428571428572,0.0028571428571428567,0.005714285714285713,,0.0028571428571428567
credential stuffing,0.020491803278688527,0.1002893408800015,0.012295081967213116,,0.18263029853255103,0.11348863963186653,0.21857324473043718,0.02325581395348837,0.004098360655737704,0.004098360655737704,0.012295081967213116
web accessibility,0.02661313807831107,0.09423983915556385,0.046292263485329124,0.004506290468102981,0.07773408625730337,0.08160245642573147,0.019659754711244256,0.017961906041674778,0.007770966784184437,0.019480379102403106,0.03417473142714007
virtual private network,0.029572195366951243,0.08553676617026638,0.014953306281499757,0.00722084783446267,0.04474646736838724,0.02870453960255377,0.019175789740908566,0.009849654793677479,0.006259321775565635,0.004238643645599282,0.028124716000708552
linux,0.023244479339745546,0.08466973582649126,0.009756487529739791,0.0020492196830065638,0.0463641938345101,0.03224568996699758,0.013865862998327016,0.0014910327000008544,0.004807340482618307,0.002092899326123753,0.02026879738758637
green computing,0.044948974332543044,0.07222975590856257,,,0.06179775280898876,0.03932584269662921,0.016853932584269662,,,0.011235955056179775,0.05000000000000001
distributed computing,0.024318479316043206,0.08571291174046297,0.01483577877429282,0.0018981592601070717,0.04133949923597943,0.03069053870293542,0.01214964338396438,0.003491154641145309,0.00520152384245252,0.0022777277555975474,0.022883285930002408
nbn,0.02898297383627392,0.07656368786016517,0.011208525539808894,0.006409928188485791,0.04746504040938997,0.02564811980519253,0.021672917866963598,0.0015556636783554919,0.010291888863312901,0.0031168890688354546,0.018526923566714107
deep neural,0.02407143071577032,0.08001887699737052,0.010955612333870322,0.002794102098293107,0.046906411583213306,0.03284294760663004,0.015460459154161003,0.00299207781839977,0.005508551440904848,0.0033886028315855093,0.02057109265118131
cyberattack,0.02961058060184984,0.07781762664129217,0.010548060027493136,0.0053885450899432445,0.05739437057043991,0.028353784711654225,0.029089756758664143,0.003467377146600566,0.016599418602255694,0.003073383318579679,0.01994627495689812
filter bubble,0.03148430869048485,0.08219255422180266,0.010031083533512003,0.012872170525055236,0.06158585923883145,0.04211476663356074,0.0227524290792571,0.004553765911161681,0.01237665269240688,0.006365129403741904,0.02376804590319189
data retention,0.0216159907872157,0.08900421372845554,0.029800762688053074,0.00434595741241682,0.04405751676571512,0.024387212959854316,0.027718895232195617,0.010068098618237629,0.011951255591702653,0.00546334466205823,0.045283624973832357
facebook,0.028229518055834037,0.07913572345921352,0.008614750547628839,0.005857927132473418,0.05748097913701311,0.03146617797160244,0.025590085959555215,0.0027909804487506033,0.012761838707168023,0.0032026687568454124,0.017907523164363837
p2p,0.022990347464644113,0.08345327179294403,0.011206692456269492,0.0028173004181203925,0.05573124486234311,0.038291533109272795,0.01734642561040094,0.0017785373834198045,0.007004453760154262,0.0030646775252468443,0.01995697876627885
bci,0.027396371980928504,0.07889098594904917,0.00990990325507194,0.004071881192242312,0.04968331719167378,0.033387704673900946,0.017112578790000627,0.0023506035452248893,0.007919301585886088,0.002149658870946264,0.019032391218650482
fog computing,0.028129991468900228,0.08581811631476907,0.01599625140044559,0.003968753905761779,0.060116375879075756,0.0542029983896569,0.018924205252701335,,0.006932542668216183,0.002018136662864956,0.0231181785498237
automated reasoning,0.021808310457227482,0.07957607050053067,0.02109060906890856,,0.04034924196132438,0.021808310457227482,0.03053435114503817,0.002544529262086514,0.0076335877862595426,,0.03466415282710537
digital learning,0.04544733568377767,0.0990116156544322,0.0565703373147217,,0.037166598524014646,0.03236199649681185,0.02819067379352271,0.010288065843621397,,0.024390243902439025,0.08810276017101644
digital transformation,0.03074741500537069,0.07261053101533949,0.009539205630023547,0.00422628716224149,0.03498479040959825,0.025411291027027594,0.012630608438293165,0.006305897365281883,0.005223151171305289,0.003106636182061396,0.029568112097665862
exascal,0.027079702018951553,0.08320946039829713,0.02211689713868906,0.009513228027711857,0.04880896807384355,0.035503661850434805,0.018621104342027923,0.003172765147099037,0.010392456691173314,0.005098949503663942,0.021606570300430016
internet freedom,0.021748100147875336,0.08474967914025333,0.0117741164554212,0.007046086619922928,0.05871360049683969,0.03344621477355846,0.025387995249908327,0.00348639542840286,0.01382859483662777,0.003133920522043168,0.021059292561132224
e-commerce,0.01902742796152585,0.08231729676434997,0.01196230800637564,0.0016874539925483339,0.04962164069173347,0.03918470991127811,0.010722223928354603,0.0015891748130900992,0.0035726683161092917,0.00207765993476218,0.020738991750466253
augmented reality,0.025706621291951965,0.08093002683910866,0.011350446245210158,0.0035195444378153754,0.051925872810013714,0.03734755931933779,0.014953175376368746,0.001974941871157777,0.006710257531761454,0.0022600193533675347,0.020828949018341807
ai startup,0.023037471210191934,0.0857510520475953,0.012466519632009346,0.005898561409044873,0.060317722502688687,0.043387318452480374,0.02386458510480448,0.007395889001162901,0.013177748729542317,0.004085579345980312,0.021789789506675584
coinhiv,0.01968081213728116,0.08711086111809403,0.010549430974227893,0.004569070689189274,0.04514492960181853,0.031034324492461234,0.01538654399081161,0.004085873805103217,0.006335715642225447,0.0027502229844447263,0.020010033001190444
multicloud,0.038612614891557345,0.11530308747372003,0.013198832082161377,0.002150537634408602,0.07213602718961414,0.0766954663382918,0.03969460411955793,0.002150537634408602,0.004122659009515053,0.004301075268817204,0.042798723813111075
autonomous car,0.019999046697883684,0.07920211466641437,0.01717096699374345,0.0033251054244643726,0.04695698040226055,0.02736911071801491,0.01982792515484177,0.0028873937760494064,0.007951359621127991,0.0027949390899905577,0.022140712312200557
data literacy,0.03261599511599511,0.06791431057394016,0.00912445950039935,,0.047886715444451604,0.04662467739908927,0.007692307692307694,0.0019230769230769234,,,0.009565030656674864
youtube kids,0.027790344772387062,0.08418818167963381,0.011904836277261582,0.008607779273446201,0.05576249039113741,0.031136798499329602,0.026975675343384,0.005102189461351065,0.01369945313588333,0.0028621674444032404,0.019410673670201106
data analysis,0.022543150906323254,0.08342243851377167,0.01091742261400873,0.0026923237391744594,0.059881183282799164,0.03942754505425057,0.02069333485060174,0.0018303425349229642,0.008943373073780663,0.004610137258376166,0.020410144610966387
autonomous vehicle,0.018986334677598166,0.0803998448111348,0.016992288036994527,0.0026035395487742155,0.04738412011187396,0.029341219302459937,0.018375133401498572,0.002866667185636045,0.0072549460685947115,0.0026921659039633662,0.021614700193299877
data sovereignty,0.031958148396504564,0.11300526976576916,0.06119120874608796,,0.10571938427635244,0.09938331995562767,0.05136792452830189,0.0625,,0.02,0.054623107900567534
quantum supremacy,0.01802479429593921,0.09958375125242076,0.014697480866299328,0.019274506960076532,0.05623922357517663,0.035856308756608245,0.03154259778616012,0.0023652990885679706,0.01569156129671456,0.002542907564189014,0.03196223144175043
personalized marketing,0.04532085561497327,0.053267973856209155,0.014705882352941175,,0.1323529411764706,0.1323529411764706,,,,,0.05000000000000001
recommender system,0.030961250688724337,0.0969402893235942,0.049313592113958825,0.0013966480446927375,0.06253956813999058,0.056176389993123466,0.01618520177153811,0.007502648096606162,0.0068055086446536074,0.01597191610898684,0.21132013022774898
conspiracy theory,0.035976282284587734,0.07454954808666409,0.00826684107531061,0.004655982054902664,0.05183683158709158,0.02698891967189707,0.024601740047316002,0.00306052582778317,0.012721450841660455,0.002896834585636996,0.015867839763678556
netneutrality,0.027008480810642107,0.07825169380002833,0.013412633142696109,0.005713199157471874,0.0563766236023222,0.03125553279345734,0.02566311872155594,0.007443009835196996,0.014206084941892676,0.003272912445011941,0.023799922880140757
personally identifiable information,0.03772829037044059,0.08793973566683834,0.018154642823548197,0.018172779785468402,0.07125155894011509,0.05466293650329589,0.028345321800852707,0.003696976393293362,0.010425279729995157,0.013255782248140101,0.028048834363687176
virtual community,0.043142041519024746,0.06662116291847181,0.01256658019580615,,0.03966898170952886,0.038678485092667206,0.011510167485011175,0.0016116035455278003,0.0024174053182917004,0.013888888888888888,0.036995806947640715
robotics,0.02540022321435909,0.0798074339535578,0.011227555992147307,0.0026999096656496182,0.049836140766163946,0.0341369459518343,0.015925697653839943,0.002108398312814668,0.00688371434399723,0.0025012279969399065,0.019582182867545945
data mining,0.02532485731858656,0.08102625455392597,0.011195868861300435,0.002774476702377728,0.048054075776338016,0.031831600472529246,0.016040517218592367,0.0018484729566519717,0.0070421471393885245,0.0026466598114785844,0.021604379733507324
disruptive innovation,0.06898490057014967,0.086380741127325,0.011748340710974546,0.006951473283894027,0.0739886534412901,0.06485950160846471,0.027239157294657826,0.0015526691815817316,0.017432626281802085,0.010707896834936037,0.031696449883553954
cryptocurrencies,0.01951013427880389,0.0857129221866333,0.012584398461326144,0.0027892662067286007,0.052400635430386394,0.035440875491861035,0.01676305684961953,0.0025484108226349134,0.0064162739194687885,0.0032773896876795074,0.01768237125982726
immersive technology,0.09629831137854074,0.061988493263092206,0.013897972096697256,0.0007434944237918215,0.060531537153581276,0.05336050568793223,0.017862001365276062,0.0037252316923533937,0.004377660393702163,0.00929191578157206,0.03156992409395528
echo chamber,0.024484787584191745,0.08284938477871923,0.008401926941152113,0.004986611428842424,0.060940435910844394,0.03318853593992488,0.027388320957092614,0.002529801054959404,0.013947744185928805,0.0034672984140139587,0.016630303063501016
infowar,0.028180561060668127,0.0818694936519428,0.008896114830028237,0.0070043634103045625,0.06129939288746874,0.030271222440589756,0.030892595769242873,0.0034533798072409884,0.01718772055782868,0.0034413696830962576,0.016215766604086055
intellectual property,0.02488927620861191,0.08005431613895582,0.012019717028970187,0.00406152101985324,0.053381982818369415,0.03367346465618746,0.019784186289521166,0.002108679664668965,0.009439075390543084,0.002827316163192966,0.02091612608811577
open-source model,0.0273972602739726,0.12743632566832958,0.03773584905660377,,0.04783763217438138,0.045592269637650604,0.018867924528301886,,,,0.018867924528301886
ai algorithm,0.04303008074977087,0.09991241999381052,0.011645661629945011,0.019341081480882955,0.06700856949657968,0.05603305744629458,0.024406326254897998,0.004351505496071062,0.0114187007720616,0.0063899169537557825,0.021933322265790076
notpetya,0.04955125673763592,0.07975265179031707,0.0113603285025338,0.009366537140439864,0.05552171599723925,0.03622597629068355,0.027872466264111675,0.007536283011324695,0.01867306372179778,0.004948168040489737,0.024230702260029283
metoo,0.029283222334222557,0.08617409725036425,0.02351259098659109,0.00615437781006213,0.06619334030667964,0.040712313777097,0.03622555966979729,0.009272646730569017,0.02065273471445882,0.009453386414428243,0.02160134853623468
monopoly,0.027844864294255058,0.07794355223411883,0.009297540082143452,0.0042474495463042826,0.05608902231528295,0.035052855643171225,0.02082116697763691,0.0019806851773877168,0.00977908049459621,0.0031533785674685635,0.017994168368213898
data visualization,0.025818834245762635,0.08205941082297674,0.009621546205307106,0.001967841137288217,0.05366189217793516,0.0408974134875326,0.013089510248925027,0.001972757665804624,0.0045843269206460235,0.00292100430970023,0.018947915968509338
hate speech,0.022850866606276835,0.08688544166344918,0.00989894987473147,0.005970164719782448,0.06671490952326879,0.02963383653219913,0.03671177096421453,0.003049177929787169,0.023184220299695704,0.0029630162652859635,0.018307509039722492
algorithmic bias,0.013605442176870748,0.09644074278908547,0.006666666666666668,0.011323562982239875,0.07391895763290998,0.0386772640090519,0.06776984152494706,,0.07639794614636884,0.006802721088435374,0.013470762042190615
identity management,0.09489356093070496,0.09790266299180322,0.012633621936499482,0.0037735849056603774,0.04678221354058096,0.04318426261243972,0.008802223189662315,0.0025466767249330774,0.0036489379801261067,0.004010692033156692,0.07834716315506739
open-source governance,0.02205882352941177,0.04779411764705883,0.014705882352941175,,0.03308823529411765,0.029411764705882356,0.0036764705882352936,,,,0.02205882352941177
project zero,0.06870469348588142,0.08194944282216882,0.01571216573698151,0.007679956497693974,0.08735932147445599,0.06539624993678927,0.026174292852444585,0.03226031272108433,0.008406579611545494,0.007702085090114712,0.03168035115179249
encryption,0.02122374559749711,0.08642596761824485,0.011465526429144453,0.002645327740027283,0.048203462611303954,0.029949828710080485,0.018205812450892846,0.00282634722637391,0.007163652660404878,0.0023268532224940404,0.022339378842665524
qubit,0.017508797723991523,0.08393626358233393,0.012520473022628495,0.0017421976686682703,0.0406087748326138,0.027189069543025034,0.013821132737661612,0.002248411958645494,0.003736166328217835,0.0025901753239878905,0.020107088295591394
smart contract,0.018259431433843752,0.08647386119314177,0.01417542064221681,0.001589572403843568,0.057490800270251434,0.0444508771525318,0.013222455092704144,0.0017370815075402155,0.004109428892688672,0.002415949602864573,0.020768931312624507
digital single market,0.029922676764722256,0.06645880548434949,0.017562619971422472,0.0031412068264588225,0.05231355089123673,0.04957035181013898,0.015981917254825763,0.0030739224808167694,0.007343576238261953,0.003328985581478995,0.02934697234180503
computer vision,0.019651074317340846,0.08695995650964772,0.012525100887297152,0.0016847681391320847,0.04428884091642104,0.03266984704729131,0.011761078797593789,0.0018926627397498727,0.003761860471206862,0.0018170825010261024,0.02186962966422262
e-democracy,0.06653130246983699,0.07684716930398873,0.025447637039082944,0.01772393294820309,0.06048522499946639,0.02986161172517678,0.053901683120747126,0.01854138848213921,0.03282822794878059,0.016018891067923934,0.047731170684225104
eye tracking,0.022646530953377906,0.08490634406259724,0.01320934659386962,0.0028213878999930834,0.04849778661969193,0.03386701397849851,0.014777478763759901,0.0022799961740956574,0.006276505482905999,0.002797547642466121,0.022040878707072373
amazon,0.028497040029107485,0.07630277977662545,0.009575575594507888,0.0034675012877522374,0.051836402430191955,0.03443732708344513,0.017242064695980597,0.0019381933134502327,0.00698773915177939,0.002893518130434194,0.018947490609505752
digital surveillance,0.0371420541240432,0.07884880241559698,0.014327078548208706,0.004120762491270839,0.06287821228435893,0.0408977221475696,0.03306617494962867,0.010375992735251152,0.014780953134576072,0.0028431402583028492,0.03705010638433408
monero,0.020753298662661516,0.08785004412228493,0.013067078865052787,0.0021466397393973126,0.049191012149796605,0.03357726804234221,0.015355839616233569,0.0021061481978499543,0.00540545685900368,0.0025922224903453667,0.02030143381618957
open innovation,0.03961272003571213,0.08267957550576037,0.017238981490949993,,0.08269090899766664,0.08269090899766664,,,,,0.03852406633926553
digital labor,0.043542054509406465,0.10009048856085961,,,0.044266596077729724,0.04826341033133029,0.011904761904761904,0.011904761904761904,,,0.04217073724263017
algorithms,0.02260725958071445,0.0827911208873153,0.010389394458721998,0.0025760584544760904,0.050348557458713764,0.03270788844755952,0.01769422258901862,0.0020100353464820877,0.006846320431309061,0.0024806754578357132,0.019858715418394936
ethereum,0.020529197689127116,0.08527502055490718,0.01306460364991497,0.002284189150764234,0.05179683125243113,0.03619161103783319,0.015447633245794045,0.002069850469662373,0.005667397073752406,0.0029083594260935542,0.0189519313276743
post-truth,0.025561722736728715,0.08150276616950677,0.009377493233248413,0.003989498208523795,0.061030712877259315,0.03549566579134633,0.026241824260761534,0.0037973059782481352,0.012341835825316212,0.0037518096475692726,0.018416634664741836
openai,0.022191224004679117,0.08219744794636541,0.013191834799423536,0.002708018598413662,0.05661312290553686,0.038274541594062295,0.018843655658387422,0.0028979023397388563,0.008001177199426507,0.004043572112781911,0.02022815823874277
edge computing,0.042532775229285266,0.08447348666029314,0.018929519297757744,,0.07431093955528677,0.07684983877723384,0.01775298166165817,0.0028985507246376808,0.018876630264019197,,0.04060784295278982
election meddling,0.030398144947478604,0.07983878534067841,0.010107090080875819,0.005270989405998926,0.05641044036491182,0.02848924120725699,0.027752396286907934,0.0032717325742509175,0.01452937323682778,0.00322686598520998,0.019065637077833965
kosinski,0.04266897469051916,0.0771620772694543,0.010476647630265455,0.0054004021973061336,0.07929374533670532,0.0605239052231951,0.02844772690452443,0.017644399787882098,0.013132253553350293,0.005937503272239676,0.028265622261084335
altright,0.0248828516062459,0.08118807063451465,0.00820343666502354,0.007243678628575317,0.06352524357708425,0.03050750052006508,0.03277971631513971,0.003036042971130841,0.018997721300733985,0.003530306675892143,0.016178524949842822
person robot,0.05000831041550796,0.1143012182642295,0.01492537313432836,,0.048580308793708775,0.040736652062418784,0.0198019801980198,0.0099009900990099,,,0.034808191270536235
w3c,0.029273388525677718,0.08226565700901617,0.013058120924546815,0.011408290144991553,0.060670726697042994,0.0457242111726483,0.018311316192697973,0.00193843314295785,0.011268566667020124,0.007383086333942811,0.02458108506027648
live streaming,0.02700908319302852,0.07660346570194017,0.010033293701029107,0.005382709523448316,0.05271435618808423,0.032879806035513014,0.02095987149530081,0.0024747223920994796,0.010449693122791726,0.003119398135171207,0.01894754990701405
competition law,0.03634839760916414,0.10178679991799376,0.019870499495778366,0.010050615451832697,0.24095327183167461,0.27733161820486757,0.03934188261188736,0.014302294302352773,0.027959241384023854,0.015549571034951479,0.03523481900598709
cloud computing,0.022450814667191857,0.08157408760003487,0.010961788549317725,0.002230925676159472,0.04612061738979425,0.034568281742865234,0.012016197400456277,0.0018247477293648956,0.0049172930119598035,0.0021709045960272674,0.019412708253765877
internet safety,0.023249053381078116,0.09357455860500011,0.011957295085229781,0.007716430121493634,0.06196569783001309,0.03571012635538115,0.03109540319460856,0.005456498126008807,0.013853770770925035,0.0028056964769996554,0.022604475120090898
right to be forgotten,0.042348244146195785,0.08953612024477789,0.020392347175736476,0.0032713692662964516,0.06000351548321526,0.04549469214578547,0.02367489982162684,0.0065251413896865226,0.01705794771604343,0.003191706317095414,0.030083416464632723
ehealth,0.03072296947804738,0.07948540593018623,0.012884436326108212,0.0037511758115871836,0.04487119585677884,0.028778720669672908,0.018310277913401465,0.003134323764147,0.007175570188944029,0.007355975355582019,0.0265616809566443
resilience,0.023928381330954807,0.08259696191895997,0.009928113352939296,0.0026754684474876505,0.06026976617008058,0.035850484235511286,0.02484546772186557,0.005699156711920995,0.009637653605927717,0.005663774419366648,0.019126348311872717
virtual collaboration,,0.10526315789473684,,,0.02631578947368421,0.02631578947368421,,,,,
context awareness,,0.0925925925925926,0.018518518518518517,,0.027777777777777776,0.027777777777777776,,,,,0.027777777777777776
green economy,0.03954065350446063,0.10450410066704229,0.03526448742383933,0.022414971359761258,0.09981533246759257,0.1144860202312875,0.0282280266735714,0.011090667268852048,0.017182047785839493,0.01950535572280815,0.03632847325185641
hyperconnectivity,0.04171662038111551,0.09648949819972419,0.014427289342500123,0.002171552660152009,0.060526950074675914,0.025667399551234333,0.0357225676475463,0.004345466985750491,0.007239034916626491,0.0056473602082208925,0.03674485238084651
globalization,0.021756947616458765,0.0795830056079459,0.010153449634790411,0.003384118691768967,0.054931660160106595,0.03311803979108904,0.02188482928499915,0.0026249461851303884,0.009773253507569407,0.0037672480240038436,0.01882587089760964
open security,0.030239478786176374,0.10371796814772109,0.06570930085327979,,0.08680152579848531,0.08366290770197532,0.028114502832052857,,0.011532837860271488,0.013888888888888888,0.04313848978796977
digital twin,0.0399490122361628,0.08729364874669122,0.02941584375497264,0.0067720090293453715,0.06696265158402831,0.05483564517924165,0.020489108423291696,0.011847914340291015,0.009029345372460496,0.011259996690437504,0.03689217856310925
digital citizen,0.0614101392920588,0.09465352584301602,0.02688279999489951,0.004210647933770281,0.05413334413395695,0.03161145845379679,0.04126603298067726,0.003817271972780365,0.03398023978636229,0.003785223797321977,0.03726080904558033
big data,0.02103867372661193,0.07699209200018187,0.010494982003209427,0.0020415330888490855,0.04282072163648326,0.029750573481074967,0.01306975671668968,0.002152830406235511,0.004661685256919222,0.002032890771745284,0.018684848690691456
data broker,0.03872942493398526,0.09903998750845029,0.033864784521500234,0.003324209303572175,0.05502239971195606,0.04461820486172615,0.016761826664117078,0.002617164504782031,0.008134279260149573,0.00518233492590599,0.03993887524999619
distributed ledger,0.020112570840670484,0.09278037790620856,0.012984942511126819,0.00516362815521548,0.05905526510584188,0.047517986974410314,0.017062923964258223,0.0030286710231391084,0.007030837225238522,0.0023370202541818457,0.019139371326560895
information society,0.03734655883415135,0.10137104510983233,0.06598525983260732,0.009689337578706252,0.06512963708720754,0.06015602709925968,0.01889486845381264,0.00448606520980674,0.009703396731694144,0.0031940135061142546,0.11187505037758168
russian interference,0.031054665790808813,0.07826328781510154,0.009800691251373906,0.005433666353831977,0.05605975552454992,0.028971336819431065,0.02693356349799068,0.003199102273062839,0.014016298366729409,0.0033034087934222882,0.01872589489375598
vpn,0.021823743802461572,0.08752936988627252,0.010569274019076702,0.0017357063382194846,0.04175675728985752,0.02946045343439932,0.012004637575647419,0.0016502456464003638,0.0041344976395005,0.0015841619985668754,0.021353942438753753
political polarization,0.025624187977142006,0.08062228038675773,0.01916125346290944,0.002878010359919324,0.05919508671037646,0.033677456331663136,0.027691736026841194,0.003168026018534033,0.013815810228276977,0.004944294198048302,0.023113939352335907
reputation system,0.02399870582054666,0.08213518488033211,0.014878448351022987,0.0035772185204513435,0.06631674601126138,0.039035265527547984,0.02770832784240636,0.0030251889714891854,0.013977033880062174,0.00393693839624197,0.022937263777278154
sharing economy,0.0187824287152286,0.07867463262747582,0.012907163173227976,0.005559958719524562,0.05355967561472053,0.03955074783557318,0.01765118961263298,0.002505618947752077,0.012961434043543139,0.0027722904368589125,0.019183677558479897
data localization,0.0075187969924812035,0.09755891900834385,0.01792083308061689,,0.12615700440973168,0.1377400412952668,0.02851150070984236,0.015037593984962403,0.003759398496240601,0.01694915254237288,0.02762058879210381
reinforcement learning,0.018704423944113965,0.08191949675338685,0.010731166916732218,0.0014963817251316084,0.048696049092674845,0.03695819294634544,0.01233854425085393,0.0014763057436403737,0.003175193219387913,0.002862300966880073,0.019987059229223187
semantic web,0.10477431230231068,0.12521876389695635,0.02529971338128747,,0.104879124779063,0.10532651377723634,0.0461665747380033,,0.025170068027210883,0.028571428571428567,0.01714381948413029
v2v,0.027561958842774556,0.08387760761304733,0.021476115565626862,0.006405747362358098,0.05741321597422854,0.04622958968234917,0.017450071075176158,0.0028526730367618635,0.010117440563878475,0.004633400491808299,0.029279046710352728
tamper resistance,0.010869565217391304,0.04782608695652174,0.021739130434782608,,0.028260869565217388,0.013043478260869565,0.015217391304347828,0.004347826086956522,0.004347826086956522,0.004347826086956522,0.015217391304347828
evolutionary computing,,0.3333333333333333,,,0.3333333333333333,0.3333333333333333,,,,,
zte,0.026733952569457015,0.05925300798187464,0.007251523179568111,0.0035739971869096967,0.04474179379894944,0.025902042432877564,0.018720586254331817,0.0019212367676570705,0.009661388295152541,0.0025067814120791967,0.01396092857708352
world wide web consortium,0.054598125966200554,0.11866489513056674,0.019256253733448664,0.0065267102903076935,0.07460502772209157,0.0684946871045423,0.023579257785724672,0.0022190615821705588,0.013119777771868263,0.005237563276424393,0.01955040218850889
machine learning,0.01961634556477242,0.08295608601341505,0.011037574909203745,0.001763442996773232,0.04815929855646312,0.034925092183559756,0.013321844163054448,0.0015401707128045873,0.004805401365721004,0.0020110081780896506,0.020306259958748848
